# ESP32-C6 Partition Table for Rhythm OS (8MB flash, OTA-enabled)
# Future-proofed for Matter commissioner + Thread (64KB NVS, reserved partitions).
# Fills entire 8MB flash. Only waste is 8KB alignment gap before ota_0.
# Name,            Type, SubType, Offset,   Size,     Flags
esp_secure_cert,   0x3F, ,        0x9000,   0x2000,   encrypted
nvs,               data, nvs,     0xB000,   0x10000,
otadata,           data, ota,     0x1B000,  0x2000,
phy_init,          data, phy,     0x1D000,  0x1000,
ota_0,             app,  ota_0,   0x20000,  0x3D0000,
ota_1,             app,  ota_1,   0x3F0000, 0x3D0000,
paa_cert,          data, spiffs,  0x7C0000, 0x3A000,
fctry,             data, nvs,     0x7FA000, 0x6000,
